<?xml version="1.0" encoding="UTF-8"?>
<configurationDescriptor version="65">
  <logicalFolder name="root" displayName="root" projectFiles="true">
    <logicalFolder name="HeaderFiles"
                   displayName="Header Files"
                   projectFiles="true">
      <logicalFolder name="MCC Generated Files"
                     displayName="MCC Generated Files"
                     projectFiles="true">
        <logicalFolder name="cli" displayName="cli" projectFiles="true">
          <itemPath>mcc_generated_files/cli/cli.h</itemPath>
        </logicalFolder>
        <logicalFolder name="cloud" displayName="cloud" projectFiles="true">
          <logicalFolder name="bsd_adapter" displayName="bsd_adapter" projectFiles="true">
            <itemPath>mcc_generated_files/cloud/bsd_adapter/bsdWINC.h</itemPath>
          </logicalFolder>
          <logicalFolder name="crypto_client"
                         displayName="crypto_client"
                         projectFiles="true">
            <itemPath>mcc_generated_files/cloud/crypto_client/crypto_client.h</itemPath>
            <itemPath>mcc_generated_files/cloud/crypto_client/cryptoauthlib_main.h</itemPath>
          </logicalFolder>
          <logicalFolder name="mqtt_packetPopulation"
                         displayName="mqtt_packetPopulation"
                         projectFiles="true">
            <itemPath>mcc_generated_files/cloud/mqtt_packetPopulation/mqtt_packetPopulate.h</itemPath>
          </logicalFolder>
          <itemPath>mcc_generated_files/cloud/wifi_service.h</itemPath>
          <itemPath>mcc_generated_files/cloud/cloud_service.h</itemPath>
        </logicalFolder>
        <logicalFolder name="config" displayName="config" projectFiles="true">
          <itemPath>mcc_generated_files/config/cryptoauthlib_config.h</itemPath>
          <itemPath>mcc_generated_files/config/conf_winc.h</itemPath>
          <itemPath>mcc_generated_files/config/IoT_Sensor_Node_config.h</itemPath>
          <itemPath>mcc_generated_files/config/mqtt_config.h</itemPath>
        </logicalFolder>
        <logicalFolder name="credentials_storage"
                       displayName="credentials_storage"
                       projectFiles="true">
          <itemPath>mcc_generated_files/credentials_storage/credentials_storage.h</itemPath>
        </logicalFolder>
        <logicalFolder name="cryptoauthlib"
                       displayName="cryptoauthlib"
                       projectFiles="true">
          <logicalFolder name="lib" displayName="lib" projectFiles="true">
            <logicalFolder name="atcacert" displayName="atcacert" projectFiles="true">
              <itemPath>mcc_generated_files/cryptoauthlib/lib/atcacert/atcacert_client.h</itemPath>
              <itemPath>mcc_generated_files/cryptoauthlib/lib/atcacert/atcacert_host_sw.h</itemPath>
              <itemPath>mcc_generated_files/cryptoauthlib/lib/atcacert/atcacert_def.h</itemPath>
              <itemPath>mcc_generated_files/cryptoauthlib/lib/atcacert/atcacert.h</itemPath>
              <itemPath>mcc_generated_files/cryptoauthlib/lib/atcacert/atcacert_date.h</itemPath>
              <itemPath>mcc_generated_files/cryptoauthlib/lib/atcacert/atcacert_host_hw.h</itemPath>
              <itemPath>mcc_generated_files/cryptoauthlib/lib/atcacert/atcacert_pem.h</itemPath>
              <itemPath>mcc_generated_files/cryptoauthlib/lib/atcacert/atcacert_der.h</itemPath>
            </logicalFolder>
            <logicalFolder name="basic" displayName="basic" projectFiles="true">
              <itemPath>mcc_generated_files/cryptoauthlib/lib/basic/atca_basic.h</itemPath>
              <itemPath>mcc_generated_files/cryptoauthlib/lib/basic/atca_helpers.h</itemPath>
            </logicalFolder>
            <logicalFolder name="crypto" displayName="crypto" projectFiles="true">
              <logicalFolder name="hashes" displayName="hashes" projectFiles="true">
                <itemPath>mcc_generated_files/cryptoauthlib/lib/crypto/hashes/sha1_routines.h</itemPath>
                <itemPath>mcc_generated_files/cryptoauthlib/lib/crypto/hashes/sha2_routines.h</itemPath>
              </logicalFolder>
              <itemPath>mcc_generated_files/cryptoauthlib/lib/crypto/atca_crypto_sw_sha1.h</itemPath>
              <itemPath>mcc_generated_files/cryptoauthlib/lib/crypto/atca_crypto_sw_ecdsa.h</itemPath>
              <itemPath>mcc_generated_files/cryptoauthlib/lib/crypto/atca_crypto_sw.h</itemPath>
              <itemPath>mcc_generated_files/cryptoauthlib/lib/crypto/atca_crypto_sw_sha2.h</itemPath>
              <itemPath>mcc_generated_files/cryptoauthlib/lib/crypto/atca_crypto_sw_rand.h</itemPath>
            </logicalFolder>
            <logicalFolder name="hal" displayName="hal" projectFiles="true">
              <itemPath>mcc_generated_files/cryptoauthlib/lib/hal/hal_i2c.h</itemPath>
              <itemPath>mcc_generated_files/cryptoauthlib/lib/hal/atca_start_config.h</itemPath>
              <itemPath>mcc_generated_files/cryptoauthlib/lib/hal/atca_hal.h</itemPath>
              <itemPath>mcc_generated_files/cryptoauthlib/lib/hal/atca_start_iface.h</itemPath>
            </logicalFolder>
            <logicalFolder name="host" displayName="host" projectFiles="true">
              <itemPath>mcc_generated_files/cryptoauthlib/lib/host/atca_host.h</itemPath>
            </logicalFolder>
            <logicalFolder name="jwt" displayName="jwt" projectFiles="true">
              <itemPath>mcc_generated_files/cryptoauthlib/lib/jwt/atca_jwt.h</itemPath>
            </logicalFolder>
            <logicalFolder name="tls" displayName="tls" projectFiles="true">
              <itemPath>mcc_generated_files/cryptoauthlib/lib/tls/atcatls_cfg.h</itemPath>
              <itemPath>mcc_generated_files/cryptoauthlib/lib/tls/atcatls.h</itemPath>
            </logicalFolder>
            <itemPath>mcc_generated_files/cryptoauthlib/lib/atca_status.h</itemPath>
            <itemPath>mcc_generated_files/cryptoauthlib/lib/atca_bool.h</itemPath>
            <itemPath>mcc_generated_files/cryptoauthlib/lib/atca_device.h</itemPath>
            <itemPath>mcc_generated_files/cryptoauthlib/lib/atca_compiler.h</itemPath>
            <itemPath>mcc_generated_files/cryptoauthlib/lib/atca_execution.h</itemPath>
            <itemPath>mcc_generated_files/cryptoauthlib/lib/atca_command.h</itemPath>
            <itemPath>mcc_generated_files/cryptoauthlib/lib/cryptoauthlib.h</itemPath>
            <itemPath>mcc_generated_files/cryptoauthlib/lib/atca_iface.h</itemPath>
            <itemPath>mcc_generated_files/cryptoauthlib/lib/atca_cfgs.h</itemPath>
            <itemPath>mcc_generated_files/cryptoauthlib/lib/atca_devtypes.h</itemPath>
          </logicalFolder>
        </logicalFolder>
        <logicalFolder name="drivers" displayName="drivers" projectFiles="true">
          <itemPath>mcc_generated_files/drivers/i2c_simple_master.h</itemPath>
          <itemPath>mcc_generated_files/drivers/i2c_types.h</itemPath>
          <itemPath>mcc_generated_files/drivers/spi_master.h</itemPath>
          <itemPath>mcc_generated_files/drivers/i2c_master.h</itemPath>
          <itemPath>mcc_generated_files/drivers/uart.h</itemPath>
          <itemPath>mcc_generated_files/drivers/timeout.h</itemPath>
        </logicalFolder>
        <logicalFolder name="mqtt" displayName="mqtt" projectFiles="true">
          <logicalFolder name="mqtt_comm_bsd"
                         displayName="mqtt_comm_bsd"
                         projectFiles="true">
            <itemPath>mcc_generated_files/mqtt/mqtt_comm_bsd/mqtt_comm_layer.h</itemPath>
          </logicalFolder>
          <logicalFolder name="mqtt_core" displayName="mqtt_core" projectFiles="true">
            <itemPath>mcc_generated_files/mqtt/mqtt_core/mqtt_core.h</itemPath>
          </logicalFolder>
          <logicalFolder name="mqtt_exchange_buffer"
                         displayName="mqtt_exchange_buffer"
                         projectFiles="true">
            <itemPath>mcc_generated_files/mqtt/mqtt_exchange_buffer/mqtt_exchange_buffer.h</itemPath>
          </logicalFolder>
          <itemPath>mcc_generated_files/mqtt/mqtt_packetTransfer_interface.h</itemPath>
        </logicalFolder>
        <logicalFolder name="winc" displayName="winc" projectFiles="true">
          <logicalFolder name="bsp" displayName="bsp" projectFiles="true">
            <logicalFolder name="include" displayName="include" projectFiles="true">
              <itemPath>mcc_generated_files/winc/bsp/include/nm_bsp_mega.h</itemPath>
              <itemPath>mcc_generated_files/winc/bsp/include/nm_bsp_internal.h</itemPath>
              <itemPath>mcc_generated_files/winc/bsp/include/nm_bsp.h</itemPath>
            </logicalFolder>
          </logicalFolder>
          <logicalFolder name="bus_wrapper" displayName="bus_wrapper" projectFiles="true">
            <logicalFolder name="include" displayName="include" projectFiles="true">
              <itemPath>mcc_generated_files/winc/bus_wrapper/include/nm_bus_wrapper.h</itemPath>
            </logicalFolder>
          </logicalFolder>
          <logicalFolder name="common" displayName="common" projectFiles="true">
            <logicalFolder name="include" displayName="include" projectFiles="true">
              <itemPath>mcc_generated_files/winc/common/include/nm_debug.h</itemPath>
              <itemPath>mcc_generated_files/winc/common/include/nm_common.h</itemPath>
            </logicalFolder>
          </logicalFolder>
          <logicalFolder name="driver" displayName="driver" projectFiles="true">
            <logicalFolder name="include" displayName="include" projectFiles="true">
              <itemPath>mcc_generated_files/winc/driver/include/m2m_ota.h</itemPath>
              <itemPath>mcc_generated_files/winc/driver/include/m2m_ate_mode.h</itemPath>
              <itemPath>mcc_generated_files/winc/driver/include/m2m_wifi.h</itemPath>
              <itemPath>mcc_generated_files/winc/driver/include/ecc_types.h</itemPath>
              <itemPath>mcc_generated_files/winc/driver/include/m2m_periph.h</itemPath>
              <itemPath>mcc_generated_files/winc/driver/include/m2m_crypto.h</itemPath>
              <itemPath>mcc_generated_files/winc/driver/include/m2m_types.h</itemPath>
              <itemPath>mcc_generated_files/winc/driver/include/m2m_ssl.h</itemPath>
            </logicalFolder>
            <logicalFolder name="source" displayName="source" projectFiles="true">
              <itemPath>mcc_generated_files/winc/driver/source/nmspi.h</itemPath>
              <itemPath>mcc_generated_files/winc/driver/source/m2m_hif.h</itemPath>
              <itemPath>mcc_generated_files/winc/driver/source/nmdrv.h</itemPath>
              <itemPath>mcc_generated_files/winc/driver/source/nmasic.h</itemPath>
              <itemPath>mcc_generated_files/winc/driver/source/nmi2c.h</itemPath>
              <itemPath>mcc_generated_files/winc/driver/source/nmuart.h</itemPath>
              <itemPath>mcc_generated_files/winc/driver/source/nmbus.h</itemPath>
            </logicalFolder>
          </logicalFolder>
          <logicalFolder name="programmer" displayName="programmer" projectFiles="true">
            <itemPath>mcc_generated_files/winc/programmer/programmer.h</itemPath>
            <itemPath>mcc_generated_files/winc/programmer/programmer_apis.h</itemPath>
          </logicalFolder>
          <logicalFolder name="socket" displayName="socket" projectFiles="true">
            <logicalFolder name="include" displayName="include" projectFiles="true">
              <itemPath>mcc_generated_files/winc/socket/include/m2m_socket_host_if.h</itemPath>
              <itemPath>mcc_generated_files/winc/socket/include/socket.h</itemPath>
            </logicalFolder>
            <logicalFolder name="source" displayName="source" projectFiles="true">
              <itemPath>mcc_generated_files/winc/socket/source/socket_internal.h</itemPath>
            </logicalFolder>
          </logicalFolder>
          <logicalFolder name="spi_flash" displayName="spi_flash" projectFiles="true">
            <logicalFolder name="include" displayName="include" projectFiles="true">
              <itemPath>mcc_generated_files/winc/spi_flash/include/spi_flash.h</itemPath>
              <itemPath>mcc_generated_files/winc/spi_flash/include/spi_flash_map.h</itemPath>
            </logicalFolder>
          </logicalFolder>
        </logicalFolder>
        <itemPath>mcc_generated_files/delay.h</itemPath>
        <itemPath>mcc_generated_files/adc1.h</itemPath>
        <itemPath>mcc_generated_files/mcc.h</itemPath>
        <itemPath>mcc_generated_files/application_manager.h</itemPath>
        <itemPath>mcc_generated_files/sensors_handling.h</itemPath>
        <itemPath>mcc_generated_files/pin_manager.h</itemPath>
        <itemPath>mcc_generated_files/spi1_types.h</itemPath>
        <itemPath>mcc_generated_files/clock.h</itemPath>
        <itemPath>mcc_generated_files/tmr2.h</itemPath>
        <itemPath>mcc_generated_files/uart1.h</itemPath>
        <itemPath>mcc_generated_files/debug_print.h</itemPath>
        <itemPath>mcc_generated_files/tmr1.h</itemPath>
        <itemPath>mcc_generated_files/led.h</itemPath>
        <itemPath>mcc_generated_files/i2c2_driver.h</itemPath>
        <itemPath>mcc_generated_files/system.h</itemPath>
        <itemPath>mcc_generated_files/banner.h</itemPath>
        <itemPath>mcc_generated_files/interrupt_manager.h</itemPath>
        <itemPath>mcc_generated_files/traps.h</itemPath>
        <itemPath>mcc_generated_files/spi1_driver.h</itemPath>
        <itemPath>mcc_generated_files/spi2.h</itemPath>
      </logicalFolder>
      <itemPath>Stepper_Motor.h</itemPath>
    </logicalFolder>
    <logicalFolder name="LinkerScript"
                   displayName="Linker Files"
                   projectFiles="true">
    </logicalFolder>
    <logicalFolder name="Resource Files"
                   displayName="Resource Files"
                   projectFiles="true">
      <logicalFolder name="MCC Generated Files"
                     displayName="MCC Generated Files"
                     projectFiles="true">
        <logicalFolder name="cloud" displayName="cloud" projectFiles="true">
          <logicalFolder name="bsd_adapter" displayName="bsd_adapter" projectFiles="true">
            <itemPath>mcc_generated_files/cloud/bsd_adapter/BSD_WINC_README.md</itemPath>
          </logicalFolder>
        </logicalFolder>
        <logicalFolder name="mqtt" displayName="mqtt" projectFiles="true">
          <itemPath>mcc_generated_files/mqtt/README.md</itemPath>
        </logicalFolder>
      </logicalFolder>
    </logicalFolder>
    <logicalFolder name="SourceFiles"
                   displayName="Source Files"
                   projectFiles="true">
      <logicalFolder name="MCC Generated Files"
                     displayName="MCC Generated Files"
                     projectFiles="true">
        <logicalFolder name="cli" displayName="cli" projectFiles="true">
          <itemPath>mcc_generated_files/cli/cli.c</itemPath>
        </logicalFolder>
        <logicalFolder name="cloud" displayName="cloud" projectFiles="true">
          <logicalFolder name="bsd_adapter" displayName="bsd_adapter" projectFiles="true">
            <itemPath>mcc_generated_files/cloud/bsd_adapter/bsdWINC.c</itemPath>
          </logicalFolder>
          <logicalFolder name="crypto_client"
                         displayName="crypto_client"
                         projectFiles="true">
            <itemPath>mcc_generated_files/cloud/crypto_client/crypto_client.c</itemPath>
            <itemPath>mcc_generated_files/cloud/crypto_client/cryptoauthlib_main.c</itemPath>
          </logicalFolder>
          <logicalFolder name="mqtt_packetPopulation"
                         displayName="mqtt_packetPopulation"
                         projectFiles="true">
            <itemPath>mcc_generated_files/cloud/mqtt_packetPopulation/mqtt_packetPopulate.c</itemPath>
          </logicalFolder>
          <itemPath>mcc_generated_files/cloud/wifi_service.c</itemPath>
          <itemPath>mcc_generated_files/cloud/cloud_service.c</itemPath>
        </logicalFolder>
        <logicalFolder name="credentials_storage"
                       displayName="credentials_storage"
                       projectFiles="true">
          <itemPath>mcc_generated_files/credentials_storage/credentials_storage.c</itemPath>
        </logicalFolder>
        <logicalFolder name="cryptoauthlib"
                       displayName="cryptoauthlib"
                       projectFiles="true">
          <logicalFolder name="lib" displayName="lib" projectFiles="true">
            <logicalFolder name="atcacert" displayName="atcacert" projectFiles="true">
              <itemPath>mcc_generated_files/cryptoauthlib/lib/atcacert/atcacert_client.c</itemPath>
              <itemPath>mcc_generated_files/cryptoauthlib/lib/atcacert/atcacert_host_sw.c</itemPath>
              <itemPath>mcc_generated_files/cryptoauthlib/lib/atcacert/atcacert_def.c</itemPath>
              <itemPath>mcc_generated_files/cryptoauthlib/lib/atcacert/atcacert_date.c</itemPath>
              <itemPath>mcc_generated_files/cryptoauthlib/lib/atcacert/atcacert_host_hw.c</itemPath>
              <itemPath>mcc_generated_files/cryptoauthlib/lib/atcacert/atcacert_der.c</itemPath>
              <itemPath>mcc_generated_files/cryptoauthlib/lib/atcacert/atcacert_pem.c</itemPath>
            </logicalFolder>
            <logicalFolder name="basic" displayName="basic" projectFiles="true">
              <itemPath>mcc_generated_files/cryptoauthlib/lib/basic/atca_basic_checkmac.c</itemPath>
              <itemPath>mcc_generated_files/cryptoauthlib/lib/basic/atca_basic_secureboot.c</itemPath>
              <itemPath>mcc_generated_files/cryptoauthlib/lib/basic/atca_basic_selftest.c</itemPath>
              <itemPath>mcc_generated_files/cryptoauthlib/lib/basic/atca_basic_ecdh.c</itemPath>
              <itemPath>mcc_generated_files/cryptoauthlib/lib/basic/atca_basic_updateextra.c</itemPath>
              <itemPath>mcc_generated_files/cryptoauthlib/lib/basic/atca_basic_privwrite.c</itemPath>
              <itemPath>mcc_generated_files/cryptoauthlib/lib/basic/atca_basic_info.c</itemPath>
              <itemPath>mcc_generated_files/cryptoauthlib/lib/basic/atca_basic.c</itemPath>
              <itemPath>mcc_generated_files/cryptoauthlib/lib/basic/atca_basic_read.c</itemPath>
              <itemPath>mcc_generated_files/cryptoauthlib/lib/basic/atca_basic_aes.c</itemPath>
              <itemPath>mcc_generated_files/cryptoauthlib/lib/basic/atca_basic_verify.c</itemPath>
              <itemPath>mcc_generated_files/cryptoauthlib/lib/basic/atca_basic_sha.c</itemPath>
              <itemPath>mcc_generated_files/cryptoauthlib/lib/basic/atca_basic_genkey.c</itemPath>
              <itemPath>mcc_generated_files/cryptoauthlib/lib/basic/atca_basic_nonce.c</itemPath>
              <itemPath>mcc_generated_files/cryptoauthlib/lib/basic/atca_basic_sign.c</itemPath>
              <itemPath>mcc_generated_files/cryptoauthlib/lib/basic/atca_basic_kdf.c</itemPath>
              <itemPath>mcc_generated_files/cryptoauthlib/lib/basic/atca_basic_hmac.c</itemPath>
              <itemPath>mcc_generated_files/cryptoauthlib/lib/basic/atca_basic_counter.c</itemPath>
              <itemPath>mcc_generated_files/cryptoauthlib/lib/basic/atca_basic_derivekey.c</itemPath>
              <itemPath>mcc_generated_files/cryptoauthlib/lib/basic/atca_helpers.c</itemPath>
              <itemPath>mcc_generated_files/cryptoauthlib/lib/basic/atca_basic_lock.c</itemPath>
              <itemPath>mcc_generated_files/cryptoauthlib/lib/basic/atca_basic_mac.c</itemPath>
              <itemPath>mcc_generated_files/cryptoauthlib/lib/basic/atca_basic_random.c</itemPath>
              <itemPath>mcc_generated_files/cryptoauthlib/lib/basic/atca_basic_gendig.c</itemPath>
              <itemPath>mcc_generated_files/cryptoauthlib/lib/basic/atca_basic_write.c</itemPath>
            </logicalFolder>
            <logicalFolder name="crypto" displayName="crypto" projectFiles="true">
              <logicalFolder name="hashes" displayName="hashes" projectFiles="true">
                <itemPath>mcc_generated_files/cryptoauthlib/lib/crypto/hashes/sha1_routines.c</itemPath>
                <itemPath>mcc_generated_files/cryptoauthlib/lib/crypto/hashes/sha2_routines.c</itemPath>
              </logicalFolder>
              <itemPath>mcc_generated_files/cryptoauthlib/lib/crypto/atca_crypto_sw_sha1.c</itemPath>
              <itemPath>mcc_generated_files/cryptoauthlib/lib/crypto/atca_crypto_sw_ecdsa.c</itemPath>
              <itemPath>mcc_generated_files/cryptoauthlib/lib/crypto/atca_crypto_sw_sha2.c</itemPath>
              <itemPath>mcc_generated_files/cryptoauthlib/lib/crypto/atca_crypto_sw_rand.c</itemPath>
            </logicalFolder>
            <logicalFolder name="hal" displayName="hal" projectFiles="true">
              <itemPath>mcc_generated_files/cryptoauthlib/lib/hal/hal_timer.c</itemPath>
              <itemPath>mcc_generated_files/cryptoauthlib/lib/hal/hal_i2c.c</itemPath>
              <itemPath>mcc_generated_files/cryptoauthlib/lib/hal/atca_hal.c</itemPath>
            </logicalFolder>
            <logicalFolder name="host" displayName="host" projectFiles="true">
              <itemPath>mcc_generated_files/cryptoauthlib/lib/host/atca_host.c</itemPath>
            </logicalFolder>
            <logicalFolder name="jwt" displayName="jwt" projectFiles="true">
              <itemPath>mcc_generated_files/cryptoauthlib/lib/jwt/atca_jwt.c</itemPath>
            </logicalFolder>
            <logicalFolder name="tls" displayName="tls" projectFiles="true">
              <itemPath>mcc_generated_files/cryptoauthlib/lib/tls/atcatls_cfg.c</itemPath>
              <itemPath>mcc_generated_files/cryptoauthlib/lib/tls/atcatls.c</itemPath>
            </logicalFolder>
            <itemPath>mcc_generated_files/cryptoauthlib/lib/atca_device.c</itemPath>
            <itemPath>mcc_generated_files/cryptoauthlib/lib/atca_execution.c</itemPath>
            <itemPath>mcc_generated_files/cryptoauthlib/lib/atca_command.c</itemPath>
            <itemPath>mcc_generated_files/cryptoauthlib/lib/atca_cfgs.c</itemPath>
            <itemPath>mcc_generated_files/cryptoauthlib/lib/atca_iface.c</itemPath>
          </logicalFolder>
        </logicalFolder>
        <logicalFolder name="drivers" displayName="drivers" projectFiles="true">
          <itemPath>mcc_generated_files/drivers/i2c_simple_master.c</itemPath>
          <itemPath>mcc_generated_files/drivers/i2c_types.c</itemPath>
          <itemPath>mcc_generated_files/drivers/spi_master.c</itemPath>
          <itemPath>mcc_generated_files/drivers/i2c_master.c</itemPath>
          <itemPath>mcc_generated_files/drivers/uart.c</itemPath>
          <itemPath>mcc_generated_files/drivers/timeout.c</itemPath>
        </logicalFolder>
        <logicalFolder name="mqtt" displayName="mqtt" projectFiles="true">
          <logicalFolder name="mqtt_comm_bsd"
                         displayName="mqtt_comm_bsd"
                         projectFiles="true">
            <itemPath>mcc_generated_files/mqtt/mqtt_comm_bsd/mqtt_comm_layer.c</itemPath>
          </logicalFolder>
          <logicalFolder name="mqtt_core" displayName="mqtt_core" projectFiles="true">
            <itemPath>mcc_generated_files/mqtt/mqtt_core/mqtt_core.c</itemPath>
          </logicalFolder>
          <logicalFolder name="mqtt_exchange_buffer"
                         displayName="mqtt_exchange_buffer"
                         projectFiles="true">
            <itemPath>mcc_generated_files/mqtt/mqtt_exchange_buffer/mqtt_exchange_buffer.c</itemPath>
          </logicalFolder>
          <itemPath>mcc_generated_files/mqtt/mqtt_packetTransfer_interface.c</itemPath>
        </logicalFolder>
        <logicalFolder name="winc" displayName="winc" projectFiles="true">
          <logicalFolder name="bsp" displayName="bsp" projectFiles="true">
            <logicalFolder name="source" displayName="source" projectFiles="true">
              <itemPath>mcc_generated_files/winc/bsp/source/nm_bsp_mega.c</itemPath>
            </logicalFolder>
          </logicalFolder>
          <logicalFolder name="bus_wrapper" displayName="bus_wrapper" projectFiles="true">
            <logicalFolder name="source" displayName="source" projectFiles="true">
              <itemPath>mcc_generated_files/winc/bus_wrapper/source/nm_bus_wrapper_mega.c</itemPath>
            </logicalFolder>
          </logicalFolder>
          <logicalFolder name="common" displayName="common" projectFiles="true">
            <logicalFolder name="source" displayName="source" projectFiles="true">
              <itemPath>mcc_generated_files/winc/common/source/nm_common.c</itemPath>
            </logicalFolder>
          </logicalFolder>
          <logicalFolder name="driver" displayName="driver" projectFiles="true">
            <logicalFolder name="source" displayName="source" projectFiles="true">
              <itemPath>mcc_generated_files/winc/driver/source/m2m_ate_mode.c</itemPath>
              <itemPath>mcc_generated_files/winc/driver/source/m2m_ssl.c</itemPath>
              <itemPath>mcc_generated_files/winc/driver/source/m2m_ota.c</itemPath>
              <itemPath>mcc_generated_files/winc/driver/source/nmspi.c</itemPath>
              <itemPath>mcc_generated_files/winc/driver/source/m2m_hif.c</itemPath>
              <itemPath>mcc_generated_files/winc/driver/source/m2m_periph.c</itemPath>
              <itemPath>mcc_generated_files/winc/driver/source/nmasic.c</itemPath>
              <itemPath>mcc_generated_files/winc/driver/source/nmdrv.c</itemPath>
              <itemPath>mcc_generated_files/winc/driver/source/m2m_wifi.c</itemPath>
              <itemPath>mcc_generated_files/winc/driver/source/m2m_crypto.c</itemPath>
              <itemPath>mcc_generated_files/winc/driver/source/nmi2c.c</itemPath>
              <itemPath>mcc_generated_files/winc/driver/source/nmuart.c</itemPath>
              <itemPath>mcc_generated_files/winc/driver/source/nmbus.c</itemPath>
            </logicalFolder>
          </logicalFolder>
          <logicalFolder name="socket" displayName="socket" projectFiles="true">
            <logicalFolder name="source" displayName="source" projectFiles="true">
              <itemPath>mcc_generated_files/winc/socket/source/socket.c</itemPath>
            </logicalFolder>
          </logicalFolder>
          <logicalFolder name="spi_flash" displayName="spi_flash" projectFiles="true">
            <logicalFolder name="source" displayName="source" projectFiles="true">
              <itemPath>mcc_generated_files/winc/spi_flash/source/spi_flash.c</itemPath>
            </logicalFolder>
          </logicalFolder>
        </logicalFolder>
        <itemPath>mcc_generated_files/adc1.c</itemPath>
        <itemPath>mcc_generated_files/mcc.c</itemPath>
        <itemPath>mcc_generated_files/pin_manager.c</itemPath>
        <itemPath>mcc_generated_files/application_manager.c</itemPath>
        <itemPath>mcc_generated_files/sensors_handling.c</itemPath>
        <itemPath>mcc_generated_files/delay.c</itemPath>
        <itemPath>mcc_generated_files/clock.c</itemPath>
        <itemPath>mcc_generated_files/tmr2.c</itemPath>
        <itemPath>mcc_generated_files/tmr1.c</itemPath>
        <itemPath>mcc_generated_files/uart1.c</itemPath>
        <itemPath>mcc_generated_files/system.c</itemPath>
        <itemPath>mcc_generated_files/led.c</itemPath>
        <itemPath>mcc_generated_files/debug_print.c</itemPath>
        <itemPath>mcc_generated_files/i2c2_driver.c</itemPath>
        <itemPath>mcc_generated_files/interrupt_manager.c</itemPath>
        <itemPath>mcc_generated_files/traps.c</itemPath>
        <itemPath>mcc_generated_files/spi1_driver.c</itemPath>
        <itemPath>mcc_generated_files/spi2.c</itemPath>
      </logicalFolder>
      <itemPath>main.c</itemPath>
      <itemPath>Stepper_Motor.c</itemPath>
    </logicalFolder>
    <logicalFolder name="ExternalFiles"
                   displayName="Important Files"
                   projectFiles="false">
      <itemPath>Makefile</itemPath>
      <itemPath>MyConfig.mc3</itemPath>
    </logicalFolder>
  </logicalFolder>
  <sourceRootList>
    <Elem>.</Elem>
  </sourceRootList>
  <projectmakefile>Makefile</projectmakefile>
  <confs>
    <conf name="default" type="2">
      <toolsSet>
        <developmentServer>localhost</developmentServer>
        <targetDevice>PIC24FJ128GA705</targetDevice>
        <targetHeader></targetHeader>
        <targetPluginBoard></targetPluginBoard>
        <platformTool>nEdbgTool</platformTool>
        <languageToolchain>XC16</languageToolchain>
        <languageToolchainVersion>1.36</languageToolchainVersion>
        <platform>3</platform>
      </toolsSet>
      <packs>
        <pack name="PIC24F-GA-GB_DFP" vendor="Microchip" version="1.0.67"/>
      </packs>
      <compileType>
        <linkerTool>
          <linkerLibItems>
          </linkerLibItems>
        </linkerTool>
        <archiverTool>
        </archiverTool>
        <loading>
          <useAlternateLoadableFile>false</useAlternateLoadableFile>
          <parseOnProdLoad>false</parseOnProdLoad>
          <alternateLoadableFile></alternateLoadableFile>
        </loading>
        <subordinates>
        </subordinates>
      </compileType>
      <makeCustomizationType>
        <makeCustomizationPreStepEnabled>false</makeCustomizationPreStepEnabled>
        <makeCustomizationPreStep></makeCustomizationPreStep>
        <makeCustomizationPostStepEnabled>false</makeCustomizationPostStepEnabled>
        <makeCustomizationPostStep></makeCustomizationPostStep>
        <makeCustomizationPutChecksumInUserID>false</makeCustomizationPutChecksumInUserID>
        <makeCustomizationEnableLongLines>false</makeCustomizationEnableLongLines>
        <makeCustomizationNormalizeHexFile>false</makeCustomizationNormalizeHexFile>
      </makeCustomizationType>
      <C30>
        <property key="code-model" value="default"/>
        <property key="const-model" value="default"/>
        <property key="data-model" value="default"/>
        <property key="disable-instruction-scheduling" value="false"/>
        <property key="enable-all-warnings" value="true"/>
        <property key="enable-ansi-std" value="false"/>
        <property key="enable-ansi-warnings" value="false"/>
        <property key="enable-fatal-warnings" value="false"/>
        <property key="enable-large-arrays" value="false"/>
        <property key="enable-omit-frame-pointer" value="false"/>
        <property key="enable-procedural-abstraction" value="false"/>
        <property key="enable-short-double" value="false"/>
        <property key="enable-symbols" value="true"/>
        <property key="enable-unroll-loops" value="false"/>
        <property key="extra-include-directories" value=""/>
        <property key="isolate-each-function" value="true"/>
        <property key="keep-inline" value="false"/>
        <property key="oXC16gcc-align-arr" value="false"/>
        <property key="oXC16gcc-cnsts-mauxflash" value="false"/>
        <property key="oXC16gcc-data-sects" value="false"/>
        <property key="oXC16gcc-errata" value=""/>
        <property key="oXC16gcc-fillupper" value=""/>
        <property key="oXC16gcc-large-aggregate" value="false"/>
        <property key="oXC16gcc-mauxflash" value="false"/>
        <property key="oXC16gcc-mpa-lvl" value=""/>
        <property key="oXC16gcc-name-text-sec" value=""/>
        <property key="oXC16gcc-near-chars" value="false"/>
        <property key="oXC16gcc-no-isr-warn" value="false"/>
        <property key="oXC16gcc-sfr-warn" value="false"/>
        <property key="oXC16gcc-smar-io-lvl" value="1"/>
        <property key="oXC16gcc-smart-io-fmt" value=""/>
        <property key="optimization-level" value="0"/>
        <property key="post-instruction-scheduling" value="default"/>
        <property key="pre-instruction-scheduling" value="default"/>
        <property key="preprocessor-macros" value=""/>
        <property key="scalar-model" value="default"/>
        <property key="use-cci" value="false"/>
        <property key="use-iar" value="false"/>
      </C30>
      <C30-AR>
        <property key="additional-options-chop-files" value="false"/>
      </C30-AR>
      <C30-AS>
        <property key="assembler-symbols" value=""/>
        <property key="expand-macros" value="false"/>
        <property key="extra-include-directories-for-assembler" value=""/>
        <property key="extra-include-directories-for-preprocessor" value=""/>
        <property key="false-conditionals" value="false"/>
        <property key="keep-locals" value="false"/>
        <property key="list-assembly" value="false"/>
        <property key="list-section-info" value="false"/>
        <property key="list-source" value="false"/>
        <property key="list-symbols" value="false"/>
        <property key="oXC16asm-extra-opts" value=""/>
        <property key="oXC16asm-list-to-file" value="false"/>
        <property key="omit-debug-dirs" value="false"/>
        <property key="omit-forms" value="false"/>
        <property key="preprocessor-macros" value=""/>
        <property key="relax" value="false"/>
        <property key="warning-level" value="emit-warnings"/>
      </C30-AS>
      <C30-CO>
        <property key="coverage-enable" value=""/>
      </C30-CO>
      <C30-LD>
        <property key="additional-options-use-response-files" value="false"/>
        <property key="boot-eeprom" value="no_eeprom"/>
        <property key="boot-flash" value="no_flash"/>
        <property key="boot-ram" value="no_ram"/>
        <property key="boot-write-protect" value="no_write_protect"/>
        <property key="enable-check-sections" value="false"/>
        <property key="enable-data-init" value="true"/>
        <property key="enable-default-isr" value="true"/>
        <property key="enable-handles" value="true"/>
        <property key="enable-pack-data" value="true"/>
        <property key="extra-lib-directories" value=""/>
        <property key="fill-flash-options-addr" value=""/>
        <property key="fill-flash-options-const" value=""/>
        <property key="fill-flash-options-how" value="0"/>
        <property key="fill-flash-options-inc-const" value="1"/>
        <property key="fill-flash-options-increment" value=""/>
        <property key="fill-flash-options-seq" value=""/>
        <property key="fill-flash-options-what" value="0"/>
        <property key="general-code-protect" value="no_code_protect"/>
        <property key="general-write-protect" value="no_write_protect"/>
        <property key="generate-cross-reference-file" value="false"/>
        <property key="heap-size" value=""/>
        <property key="input-libraries" value=""/>
        <property key="linker-stack" value="true"/>
        <property key="linker-symbols" value=""/>
        <property key="map-file" value="${DISTDIR}/${PROJECTNAME}.${IMAGE_TYPE}.map"/>
        <property key="no-ivt" value="false"/>
        <property key="oXC16ld-extra-opts" value=""/>
        <property key="oXC16ld-fill-upper" value="0"/>
        <property key="oXC16ld-force-link" value="false"/>
        <property key="oXC16ld-no-smart-io" value="false"/>
        <property key="oXC16ld-nostdlib" value="false"/>
        <property key="oXC16ld-stackguard" value="16"/>
        <property key="preprocessor-macros" value=""/>
        <property key="remove-unused-sections" value="true"/>
        <property key="report-memory-usage" value="true"/>
        <property key="secure-eeprom" value="no_eeprom"/>
        <property key="secure-flash" value="no_flash"/>
        <property key="secure-ram" value="no_ram"/>
        <property key="secure-write-protect" value="no_write_protect"/>
        <property key="stack-size" value="16"/>
        <property key="symbol-stripping" value=""/>
        <property key="trace-symbols" value=""/>
        <property key="warn-section-align" value="false"/>
      </C30-LD>
      <C30Global>
        <property key="common-include-directories" value=""/>
        <property key="dual-boot-partition" value="0"/>
        <property key="fast-math" value="false"/>
        <property key="generic-16-bit" value="false"/>
        <property key="legacy-libc" value="true"/>
        <property key="mpreserve-all" value="false"/>
        <property key="oXC16glb-macros" value=""/>
        <property key="output-file-format" value="elf"/>
        <property key="preserve-all" value="false"/>
        <property key="preserve-file" value=""/>
        <property key="relaxed-math" value="false"/>
        <property key="save-temps" value="false"/>
      </C30Global>
      <nEdbgTool>
        <property key="ADC 1" value="true"/>
        <property key="AutoSelectMemRanges" value="auto"/>
        <property key="CLC 1" value="true"/>
        <property key="CLC 2" value="true"/>
        <property key="COMPARATOR" value="true"/>
        <property key="CRC" value="true"/>
        <property key="CTMU" value="true"/>
        <property key="DMA" value="true"/>
        <property key="Freeze All Other Peripherals" value="true"/>
        <property key="I2C 1" value="true"/>
        <property key="I2C 2" value="true"/>
        <property key="INPUT CAPTURE 1" value="true"/>
        <property key="INPUT CAPTURE 2" value="true"/>
        <property key="INPUT CAPTURE 3" value="true"/>
        <property key="IOC" value="true"/>
        <property key="LVD" value="true"/>
        <property key="MCCP/SCCP 1" value="true"/>
        <property key="MCCP/SCCP 2" value="true"/>
        <property key="MCCP/SCCP 3" value="true"/>
        <property key="MCCP/SCCP 4" value="true"/>
        <property key="OSC" value="true"/>
        <property key="OUTPUT COMPARE 1" value="true"/>
        <property key="OUTPUT COMPARE 2" value="true"/>
        <property key="OUTPUT COMPARE 3" value="true"/>
        <property key="PMP" value="true"/>
        <property key="REFO" value="true"/>
        <property key="RTCC" value="true"/>
        <property key="SPI 1" value="true"/>
        <property key="SPI 2" value="true"/>
        <property key="SPI 3" value="true"/>
        <property key="TIMER 1" value="true"/>
        <property key="TIMER 2" value="true"/>
        <property key="TIMER 3" value="true"/>
        <property key="UART 1" value="true"/>
        <property key="UART 2" value="true"/>
        <property key="communication.activationmode" value="nohv"/>
        <property key="communication.interface"
                  value="${communication.interface.default}"/>
        <property key="communication.speed" value="${communication.speed.default}"/>
        <property key="debugoptions.useswbreakpoints" value="false"/>
        <property key="firmware.path"
                  value="Press to browse for a specific firmware version"/>
        <property key="firmware.update.action" value="firmware.update.use.latest"/>
        <property key="memories.aux" value="false"/>
        <property key="memories.bootflash" value="true"/>
        <property key="memories.configurationmemory" value="true"/>
        <property key="memories.configurationmemory2" value="true"/>
        <property key="memories.dataflash" value="true"/>
        <property key="memories.eeprom" value="true"/>
        <property key="memories.exclude.configurationmemory" value="true"/>
        <property key="memories.flashdata" value="true"/>
        <property key="memories.id" value="true"/>
        <property key="memories.instruction.ram.ranges"
                  value="${memories.instruction.ram.ranges}"/>
        <property key="memories.programmemory" value="true"/>
        <property key="memories.programmemory.ranges" value="0-15eff"/>
        <property key="poweroptions.powerenable" value="false"/>
        <property key="programmerToGoFilePath"
                  value="E:/Technical Content/Project Articles/HorticulureMotor/debug/default/default_ptg"/>
        <property key="programoptions.eraseb4program" value="true"/>
        <property key="programoptions.preservedataflash" value="false"/>
        <property key="programoptions.preservedataflash.ranges"
                  value="${memories.dataflash.default}"/>
        <property key="programoptions.preserveeeprom" value="false"/>
        <property key="programoptions.preserveeeprom.ranges" value=""/>
        <property key="programoptions.preserveprogram.ranges" value=""/>
        <property key="programoptions.preserveprogramrange" value="false"/>
        <property key="programoptions.preserveuserid" value="false"/>
        <property key="programoptions.programuserotp" value="false"/>
        <property key="voltagevalue" value=""/>
      </nEdbgTool>
    </conf>
  </confs>
</configurationDescriptor>
