<?xml version="1.0" encoding="UTF-8"?>
<project-private xmlns="http://www.netbeans.org/ns/project-private/1">
    <editor-bookmarks xmlns="http://www.netbeans.org/ns/editor-bookmarks/2" lastBookmarkId="0"/>
    <open-files xmlns="http://www.netbeans.org/ns/projectui-open-files/2">
        <group>
            <file>file:/E:/Technical%20Content/Project%20Articles/HorticulureMotor/main.c</file>
            <file>file:/E:/Technical%20Content/Project%20Articles/HorticulureMotor/mcc_generated_files/cloud/cloud_service.c</file>
            <file>file:/E:/Technical%20Content/Project%20Articles/HorticulureMotor/mcc_generated_files/application_manager.c</file>
        </group>
    </open-files>
</project-private>
